Nombre,edad,Ciudad
Anthiathia,1,Kokubu-matsuki
Parsifal,2,Stocksund
Jermaine,3,Denver
Marleyyy,4,Catbalogan
Rolllin,5,Pontes e Lacerda
Elviisss,6,Baborów
Ivette,7,Partikan
Evvvie,8,Serawai
Jennica,9,Jintang
Holaaa,10,Shuanghe
Jolene,11,Ceranów
Chrisse,12,Honghua’erji
Joleen,13,Nūrābād
Dasi,14,Le Havre
Shay,15,Vlachovice
Tish,16,Ajman
Dewain,17,Jīma
Quentin,18,Novoshakhtinskiy
Tootsie,19,Yanhe
Peter,20,Dargaz
Jermain,21,Washington
Chrissie,22,Sulahan
Nollie,23,Rio Brilhante
Alfonse,24,Dniprovka
Spense,25,Barmash
Carmela,26,Stroitel’
Terri,27,Primošten
Shannon,28,Buur Gaabo
Dacy,29,Kumo
Abagael,30,Isdalstø
Joellen,31,Lyeskawka
Merola,32,Alis
Skip,33,Lang Suan
Marys,34,Yongxing
Jackie,35,Lundo
Aaron,36,Vitry-sur-Seine
Petra,37,Kluczbork
Kristel,38,Xiashuitou
Alvera,39,La Mesa
Henrieta,40,Býšť
Candace,41,Tiblawan
Daron,42,Roche Terre
Vida,43,Veinticinco de Mayo
Rey,44,Miami
Dylan,45,Shakīso
Delainey,46,Klyuchevskiy
Gwendolen,47,Shuyuan
Jodi,48,Uromi
Bradford,49,Tala
Madeline,50,Pribrezhnyy
Terri,51,Jayune
Edward,52,Arauquita
Laurena,53,Fale old settlement
Kaile,54,Ambam
Vonni,55,Shuikou
Jens,56,Turka
Trudie,57,Al Jawf
Chrotoem,58,Satu Nou
Merrile,59,Oslo
Winny,60,Hankha
Kaylil,61,Lijiazui
Rocky,62,Hương Sơn
Olenka,63,Uppsala
Hulda,64,Tlogowetan
Frederigo,65,Seixo de Manhoses
Pippy,66,Bayabas
Garik,67,Youkaichi
Simeon,68,Nanjing
Barn,69,Jinping
Cos,70,Dordrecht
Mandel,71,Irshava
Allan,72,Kotabaru
Elva,73,Lincuo
Laina,74,Теарце
Marylinda,75,Suresnes
Ezri,76,Medianeira
Rik,77,Kahnūj
Melonie,78,Nueva Gorgona
Pattie,79,Tatou
Gregor,80,Pindi Gheb
Dorisa,81,Siraway
Enrichetta,82,Bohumín
Katharyn,83,Futuroscope
Stearn,84,Pilar
Lucho,85,Minyat an Naşr
Edsel,86,Sunnyvale
Lesly,87,Jaruco
Rafaelita,88,Damatulan
Samuele,89,Mertert
Cherianne,90,Kadupinang
Merry,91,Murzuq
Adelaida,92,Shanyang
Catie,93,Boracéia
Derry,94,Tejar
Elladine,95,Dulangan
Robinet,96,Hejia
Phyllis,97,Saint-Denis
Jareb,98,Shimabara
Mela,99,Borås
Rosalia,100,Sanchahe
Halley,101,Saint Andrews
Monah,102,Mozdok
Nona,103,Qiaotou
Hartley,104,Guinobatan
Graig,105,Santo Niño
Ardenia,106,Haruai
Benton,107,Svetlyy
Bevvy,108,Santa Rosa de Viterbo
Reider,109,Nelazskoye
Giustino,110,Baisha
Neddie,111,Solosolo
Ginevra,112,Yisa
Hillie,113,Selizharovo
Delora,114,Bršadin
Cortie,115,Boissy-Saint-Léger
Ellis,116,Không
Kirsten,117,Rubio
Audy,118,Sanhui
Addia,119,Amiens
Tiler,120,Osieczna
Cheryl,121,Cumba
Leonard,122,Lengshui
Nata,123,Podgorenskiy
Melamie,124,Jatisari
Anastasia,125,Motupe
Tanitansy,126,Santander
Katleen,127,Randuboto
Ameline,128,Ankazobe
Karisa,129,Sanguansi
Nessy,130,Thị Trấn Việt Quang
Nadean,131,Bridgetown
Nicky,132,Ndewel
Rudolfo,133,Parabcan
Ermentrude,134,Waru
Vere,135,Gukovo
Brittani,136,Aksu
Salmon,137,Seixo
Kary,138,Oslo
Hermy,139,Cleveland
Brietta,140,Amparita
Bary,141,Podgorenskiy
Lianne,142,Cocobeach
Constantine,143,Guanyinge
Cathy,144,Bayt Yāshūţ
Debee,145,Valuyki
Gypsy,146,Cabeça Gorda
Jens,147,Leon
Lenora,148,Kara Suu
Marissa,149,Tipolo
Elizabeth,150,Rancamaya
Ty,151,Archángelos
Malachi,152,Xinlin
Sonja,153,Mirocin
Emmye,154,Houbai
Michaela,155,København
Vallie,156,Kaoshan
Elisa,157,Anserma
Hester,158,Eadestown
Riane,159,Morgados
Almeta,160,Buriram
Dion,161,Biała Piska
Elizabeth,162,Kalajoki
Elihu,163,Hellevoetsluis
Larisa,164,Želiv
Vernor,165,Andovoranto
Slade,166,Kota Kinabalu
Portia,167,Pakxong
Dugald,168,Blarney
Kerry,169,Heshi
Glen,170,Amiens
Reine,171,Osogbo
Livy,172,Mariquita
Fonsie,173,Polkowice
Genny,174,Babice
Nefen,175,Kolpashevo
Earl,176,Campo Verde
Madelle,177,Veldhoven
Genvieve,178,Longgao
Abbot,179,Lembanah
Paula,180,Kandun
Liva,181,Huangjiabu
Hymie,182,Jingpeng
Pam,183,Villa Alemana
Jennilee,184,Angers
Davon,185,Victoria
Joye,186,Maliuzui
Aurilia,187,Guotan
Lynna,188,Loznitsa
Hunt,189,Mojkovac
Rozanne,190,Gandoang
Wilmar,191,Gaxung
Chantal,192,Pantai
Sholom,193,Kuybyshev
Cecilius,194,Suyo
Gregory,195,Biao
Sydney,196,Yelizovo
Eustace,197,Maca
Simeon,198,Baizhu
Candice,199,Boca Raton
Bentlee,200,Krebetkrajan
Bobina,201,Paris 15
Tillie,202,Milano
Garreth,203,Kivertsi
Kit,204,Bergen
Corabel,205,Kadurahayu
Polly,206,Pargas
Casey,207,Coaticook
Ruthann,208,Fengyan
Brooks,209,Hlusk
Miraaaaaaaaaaaaaaaaaaaaaaaaaaabel,210,Nueva Gorgona
Fawnia,211,Zakamensk
Roseannnn,212,Zhongying
Caritta,213,Dorotea
Staci,214,Fredericton
Coletta,215,Chrast
Travus,216,Jeminay
Immanuel,217,Paris 14
Whit,218,Candelaria
Willyt,219,Hrušica
Alwin,220,Jargalant
Calv,221,Daugai
Erhard,222,Paços de Ferreira
Rowney,223,Jiale
Gunar,224,Lephalale
Danit,225,Saint-Louis
Sammie,226,Mueang Phuket
Georgy,227,Guaynabo
Erwin,228,Tanjungagung
Pepi,229,Kościelec
Gwendolen,230,Mayskiy
Whitby,231,Ōmachi
Edlin,232,Enschede
Oliviero,233,St. Anton an der Jeßnitz
Fayth,234,Mertert
Egon,235,Alangalang
Carlie,236,Pailin
Erminia,237,Cruz Alta
Guss,238,El Rosario
Weidar,239,Gijon
Casi,240,Villarrica
Frants,241,Ángeles
Andrey,242,Umm Şalāl ‘Alī
Leigh,243,An Lão
Garvin,244,Dolní Černilov
Hi,245,Maloco
Chloe,246,Kabin Buri
Sloane,247,Araal
Corinna,248,Sal’sk
Joy,249,Byerazino
Ali,250,Starobaltachevo
Shelia,251,Lagoa da Prata
Rudiger,252,Pompano Beach
Amargo,253,Siliana
Rem,254,Daojiang
Ninetta,255,Vyksa
Jazmin,256,Chaniá
Danny,257,Retorta
Zara,258,Beiqiao
Welsh,259,Vila Chã do Monte
Moyna,260,Azaruja
Christy,261,Mayo
Celina,262,Hồ Xá
Jayme,263,Caringin
Carline,264,Oslo
Dru,265,Hammarö
Aurilia,266,Fatubia
Mitzi,267,Rymanów
Broderic,268,Phon Charoen
Pru,269,Preobrazhenka
Catlin,270,Lanlacuni Bajo
Elliot,271,Pangkungparuk
Kasey,272,Fresno
Luce,273,Mişrātah
Karlene,274,Manzini
Dinah,275,Lasiana
Alexandra,276,Żabia Wola
Audy,277,Huangqiao
Delcine,278,Shiniu
Gasper,279,Vynohradiv
Carny,280,Circa
Bentlee,281,Agoncillo
Hali,282,Mora
Padraig,283,Mozelos
Cyrille,284,Brovary
Eadie,285,Ángeles
Valentine,286,Gananoque
Joya,287,Maubin
Nicky,288,Borbon
Jarad,289,Meiqi
Clerissa,290,Barraute
Theressa,291,Åby
Westbrook,292,Ciguha Tengah
Kata,293,Jinshanzui
North,294,Barda
Mattie,295,Fomento
Nessie,296,Horodnya
Lonnie,297,Mori
Midge,298,Sukapura
Wood,299,Brody
Antonin,300,Sherpur
Rafael,301,Ashcroft
Helaine,302,Colmeal
Vernen,303,Diónysos
Thornton,304,Shuikou
Cammi,305,Sūq Şirwāḩ
Ulberto,306,Dhamār
Zahara,307,Rezovac
Caitlin,308,Padang
Anne-marie,309,Canggetelo
Riki,310,Muaratiga
Imogene,311,Jindou
Rossie,312,Sūrāb
Tiena,313,Saransk
Jarret,314,Ecroignard
Uta,315,Panenggoede
Jandy,316,Göteborg
Othelia,317,Washington
Conny,318,Wugui
Annice,319,Velké Bílovice
Raymund,320,Houxiang
Morly,321,Kampungsusah
Tatiana,322,Studénka
Krishna,323,Oepula
Madelon,324,Albi
Saunderson,325,Miyata
Gerhardt,326,San Lucas Sacatepéquez
Hunfredo,327,Yaita
Aldric,328,Agalteca
Devora,329,Saeul
Olva,330,Álftanes
Gabbie,331,Ngembo
Danie,332,Konggar
Geri,333,Xinchengzi
Cristionna,334,Curuan
Buddy,335,Světlá nad Sázavou
Bonni,336,Liujiage
Simonne,337,El Cafetal
Geraldine,338,Frederiksberg
Aaren,339,Kamo
Candra,340,Heshui
Ede,341,Lávara
Bendix,342,Buga
Alano,343,San Francisco
Ashlee,344,Kāshān
Jasun,345,Seoul
Llywellyn,346,Lajarik
Doy,347,Xiluodu
Florinda,348,Dananshan
Gerda,349,Dragash
Bernardine,350,Blansko
Garrek,351,Xianglong
Damiano,352,Pemba
Hagan,353,Xazgat
Lucine,354,Gucun
Pierette,355,Licuan
Wilow,356,Alice
Ernst,357,Shuanghekou
Jennifer,358,Las Lomas
Mariejeanne,359,Lamarosa
Lesly,360,Guanting
Cristy,361,Ongkharak
Renie,362,Betong
Amii,363,Makadi Bay
Wylma,364,Rosa Zarate
Travus,365,Mizque
Christalle,366,Sembungan Kidul
Alistair,367,Gombe
Alyssa,368,Were
Webb,369,San Antonio
Adams,370,Necoclí
Chet,371,Rakitovo
Ermin,372,Nakkila
Vi,373,Gereneng
Justin,374,Ismailia
Harwell,375,Pergamos
Gabriell,376,Jialai
Leshia,377,Smyków
Cointon,378,Rio Preto da Eva
Andrei,379,Burgas
Gustie,380,Baki
Dorothee,381,Tamel
Brittan,382,Papetoai
Uriah,383,Ljungskile
Priscella,384,Magisterial
Daron,385,Błażowa
Denney,386,Nora
Trudy,387,Barra do Corda
Lyn,388,Yên Lập
Jervis,389,Káto Asítai
Barron,390,Finiq
Corabella,391,Gikongoro
Joey,392,Tekikbanyuurip
Mikel,393,Jiuxian
Kristal,394,Saint Lucia
Elfreda,395,Youdunjie
Belle,396,Cap-Santé
Alfy,397,Zaandam
Harrie,398,Farafenni
Malena,399,Sabanagrande
Fred,400,Colorado Springs
Julienne,401,Banatska Topola
Randa,402,Wufeng
Fiorenze,403,Kotel’va
Welsh,404,Acheng
Alika,405,Maroa
Angeli,406,Ettal
Brandon,407,Serra Talhada
Thaine,408,Shuiquan
Roman,409,Boca Raton
Harmony,410,Shimoda
Halsy,411,Peso da Régua
Izak,412,Lefengzhen
Chickie,413,Deskle
Sal,414,Guta
Zea,415,Chacarita
Clarissa,416,Jixin
Ty,417,Wuguishan
Debi,418,Komono
Natal,419,Dhuusamarreeb
Giffer,420,Rychtal
Arch,421,Alavus
Rodolphe,422,Plátanos
Rosabella,423,Hazlov
Aldrich,424,Haczów
Savina,425,Maru
Talbot,426,Khirdalan
Tersina,427,Ribeirão das Neves
Mick,428,Baška Voda
Rock,429,Chum Phae
Zita,430,Shejiang
Konstantin,431,Dolní Lhota
Tallie,432,Santo Tomás
Shane,433,Athi River
Julita,434,Wenshang
Barbie,435,Sieradza
Blithe,436,Dajin
Pedro,437,Épinal
Loree,438,Kalmar
Arielle,439,Kletek
Camilla,440,Alicia
Enrika,441,Saubara
Carmita,442,Jiujiang
Wesley,443,Al Khafsah
Giralda,444,Renxian
Arni,445,Lianxia
Gillian,446,Ourinhos
Brinna,447,Mansilingan
Butch,448,Xiangzhu
Camilla,449,Pasian
Olvan,450,Bansalan
Marilee,451,Sulūk
Clive,452,Isawa
Miner,453,Gaoqiao
Sukey,454,Luchegorsk
Zeb,455,Albuquerque
Zach,456,Simenqian
Lari,457,Koz’modem’yansk
Dugald,458,Samaipata
Casie,459,Al Khawkhah
Arleen,460,Wenfang
Cherrita,461,Wedoro
Felisha,462,Limoges
Marianna,463,Al Metlaoui
Duff,464,Wageningen
Brietta,465,Washington
Petr,466,Conduaga
Karlik,467,Vilarelho
Eli,468,Ban Khlong Bang Sao Thong
Jervis,469,Dadapan
Godard,470,Monte de Fralães
Babs,471,‘Anīn
Dolores,472,Shuijiang
Jock,473,Kebonkai
Leonerd,474,Wololele A
Reade,475,Kamnica
Evania,476,Kyshtym
Lyndsie,477,Stráž nad Nisou
Marna,478,Cukangpanjang
Emelda,479,Batubantar
Bunni,480,Kurchaloy
Eustacia,481,Liushikou
Hewie,482,Jeremi
Mil,483,Motema
Karlie,484,Kaduheuleut
Christiana,485,Chidian
Adham,486,Sangba
Dorine,487,Tunbao
Emilie,488,Zhangqiang
Patricia,489,Alta
Linet,490,Bořetice
Mead,491,Ul
Keelby,492,Saparua
Hermina,493,Suna
Garv,494,Veyno
Francklyn,495,Guadalupe
Miran,496,Valašská Bystřice
Irma,497,Andongwei
Jesus,498,Qīr Moāv
Avrit,499,Tamandaré
Merill,500,Valença do Douro
Ferdy,501,Nantes
Anstice,502,Allen
Georas,503,Paninggaran
Christoforo,504,Xo’jayli Shahri
Tiler,505,Dagupan
Eleonore,506,Palma Soriano
Sherlock,507,Walagar
Calv,508,Nangerang
Levy,509,Iwŏn-ŭp
Guendolen,510,Guariba
Wilbert,511,Shatian
Murielle,512,Reims
Hernando,513,Notre-Dame-de-l'Île-Perrot
Laurel,514,Kadudampit
Larisa,515,Mirandela
Tobias,516,Lukou
Dare,517,Lundazi
Erroll,518,Trpinja
Woody,519,Pokrovskoye-Streshnëvo
Verene,520,Támara
Tabatha,521,Iradan
Clywd,522,Carrefour
Rayner,523,Yuefeng
Dilly,524,Jan Kempdorp
Derek,525,Changshan
Dell,526,Acacías
Gaile,527,Brikama Nding
Markos,528,Non Narai
Dieter,529,Pinagsibaan
Mellisent,530,Malamig
Rodie,531,Kekeri
Edna,532,Jianfeng
Merrel,533,Acarí
Thalia,534,Los Pinos
Bernhard,535,Kawangu
Wilmar,536,Portela
Lin,537,Yaodu
Emeline,538,New Yekepa
Brooke,539,Turbo
Rog,540,Kněžpole
Mada,541,Lyon
Hinze,542,Malgobek
Reeba,543,Miragaia
Eward,544,Tanagara
Bar,545,Shanmu
Emili,546,Tercena
Mozes,547,Breda
Germain,548,Balabac
Tabbie,549,Viga
Danya,550,Cipari
Trumaine,551,Hînceşti
Tanhya,552,Dundbürd
Phaidra,553,Gujun
Benoit,554,Lady Frere
Benjy,555,Latung
Deva,556,Bethlehem
Melly,557,Rentian
Dilan,558,Argivai
Barry,559,Nakhon Pathom
Elvera,560,Majin
Ashton,561,Sumberjati
Ilsa,562,Rosignol
Darsey,563,Ferraz de Vasconcelos
Marilin,564,Guangming
Chev,565,Wuqiao
Nelia,566,Sagopshi
Sansone,567,Yishi
Ignaz,568,Yankou
Bernarr,569,Turku
Christyna,570,Gardēz
Bryon,571,Bitola
Camile,572,Lewo
Mireille,573,Crasto
Gloria,574,Goodlands
Rodrick,575,Telengsari
Clemmy,576,Xinghe Chengguanzhen
Der,577,Zhuyang
Brandea,578,Tumba
Arvy,579,Balin
Jorgan,580,Rende
Carlynn,581,Lyon
Claudelle,582,Leiden
Granny,583,Oslo
Vick,584,Plessisville
Bernardine,585,Gujun
Renee,586,Miānwāli
Ettie,587,Jinhua
Loralie,588,Cadiz
Nikkie,589,Luqiao
August,590,Woja
Siouxie,591,Jinan-gun
Maurita,592,Mahong
Freeman,593,Muaraenim
Merrile,594,Sierra Imataca
Melania,595,Torzhok
Ruthe,596,Ngurore
Buck,597,Ḑawrān ad Daydah
Farris,598,Arauca
Theo,599,Kujang-ŭp
Herold,600,Tayang
Amata,601,Kalamangog
Dusty,602,Soledad
Kissie,603,Luleå
Bert,604,Shagonar
Myrle,605,Boca de Parita
Krysta,606,Takum
Alejandro,607,Miskolc
Kassey,608,Tower
Ivan,609,Chirpan
Avril,610,Tanjungbahagia
Merrili,611,Ximei
Gnni,612,Dayong
Cointon,613,Tālīn
Gibb,614,Sumberdangdang
Abeu,615,Shatoujiao
Laurie,616,Slobodskoy
Grover,617,Kwatarkwashi
Liana,618,Sājūr
Lilia,619,Baylo
Raleigh,620,Quibdó
Danell,621,Žacléř
Bobette,622,El Doncello
Latisha,623,Meirinhas
Abram,624,Krayen
Bellina,625,Baitu
Agna,626,Higuerote
Brandon,627,Igbaras
Fernande,628,Haninge
Carolann,629,Pisarzowice
Dorena,630,Rawaapu
Eydie,631,Baixiang
Kiley,632,Uddevalla
Montgomery,633,Luqiao
Kalinda,634,Las Vegas
Quintilla,635,Norrköping
Roselia,636,Gubin
Leslie,637,Falun
Sancho,638,Ojiya
Dolph,639,Neochóri
Idalia,640,Jaquimeyes
Koo,641,Houxixi
Karil,642,Vaasa
Cherish,643,Hoopstad
Sherlock,644,Bechyně
Elvis,645,Temuji
Alejandro,646,Kalembutillu
Bertie,647,Ubatuba
Karl,648,Siak Sri Indrapura
Jacklyn,649,Wanfu
Lacey,650,Dolega District
Dyanne,651,Shanghe
Leeanne,652,Acomayo
Des,653,Xinying
Garvy,654,Padre Las Casas
Neel,655,Hanggan
Tulley,656,Kishk-e Nakhūd
Lyda,657,Tukbur
Deck,658,Gondar
Harold,659,Chalcos
Irma,660,Conchal
Barthel,661,Ciemas
Rowney,662,Novyye Gorki
Vida,663,Gore
Hilton,664,Kutao
Nessi,665,Elias Fausto
Inez,666,Gorgoram
Hillel,667,Pantai Ceuremen
Duke,668,Sagua de Tánamo
Tate,669,Ko Pha Ngan
Art,670,Houjiachuan
Janith,671,Mingfeng
Demetrius,672,Xinxu
Cecil,673,Nakasongola
Genni,674,Zalanga
Lutero,675,Da’an
Anastassia,676,Otavi
Nappy,677,Qifang
Stephen,678,Novosibirsk
Aguie,679,Al Qūşīyah
Billy,680,Dao’er
Evelin,681,Caucasia
Shanan,682,Brooklyn
Granger,683,Ipís
Butch,684,Lages
Jobie,685,Ngluwuk
Happy,686,Laval
Everard,687,Trångsund
Aridatha,688,Nangerang
Madelaine,689,Balingcanaway
Gonzalo,690,Comé
Esme,691,Donggang
Dorene,692,Brest
Paco,693,Yima
Hillary,694,Cambebba
Stewart,695,Odiong
Bianka,696,Przesmyki
Tonya,697,Hexiangqiao
Sherlocke,698,Staroyur’yevo
Amitie,699,Abut
Marni,700,Zougang
Simmonds,701,Tiền Hải
Foster,702,Singa
Milty,703,Darvi
Matthaeus,704,Det Udom
Allayne,705,Tanxi
Baron,706,Biała Piska
Vidovik,707,Prámanta
Dee,708,Sparwood
Mariette,709,Mburukullu
Tuesday,710,København
Adriaens,711,Middleton
Rosco,712,Águas Vermelhas
Toby,713,Santa Cruz La Laguna
Scotty,714,Stockholm
Jewelle,715,Itu
Quincey,716,Kose
Prue,717,Dourados
Avery,718,Ghār al Milḩ
Nikola,719,Kikinda
Merline,720,Kaputian
Caron,721,Yarumela
Egor,722,Velikiy Novgorod
Madge,723,Oyem
Aurel,724,Arrah
Zilvia,725,Jagiełła
Riobard,726,Chernyakhovsk
Aeriel,727,Huangwei
Myrvyn,728,Ban Khlong Bang Sao Thong
Peadar,729,Krajan Bakalan
Teriann,730,Bascaron
Mychal,731,Kuangyuan
Mayor,732,Halle
Sebastian,733,Yuanqiao
Maury,734,Tonghong
Laurella,735,Trbovlje
Donielle,736,Huxi
Bryanty,737,Inowrocław
Alley,738,Golacir
Verina,739,Lyubymivka
Abdul,740,Al Manqaf
Hamlen,741,Fengyang
Frankie,742,Dazhangzhuang
Gilles,743,Jakubowice Murowane
Shirleen,744,Shāhpur Chākar
Jean,745,Panguipulli
Dinny,746,Funza
Neddy,747,Sakhnīn
Pennie,748,Santiago
Donovan,749,Valparaíso
Joachim,750,Tungoo
Wallache,751,Mao’er
Hamlen,752,Västerås
Jeno,753,Jīt
Ewan,754,Afareaitu
Etta,755,Jiedu
Nester,756,Al Fukhkhārī
Orrin,757,Fenshui
Alexei,758,Lorut
Fiann,759,Jiatou
Jennilee,760,Itanhandu
Dalia,761,Baiyun
Nickie,762,Çobansığnaq
Imogen,763,Shuangqiaoping
Chicky,764,Grekan
Stevie,765,Yinjiang
Sherwynd,766,Quimbaya
Jose,767,Jianxincun
Carlotta,768,Gaoqiao
Araldo,769,Ciudad Cortés
Sandra,770,Baliang
Brooks,771,Sampacho
Pietra,772,Kepoh
Hillel,773,Kraśniczyn
Nichole,774,Tsotsin-Yurt
Billy,775,Concepcion
Efren,776,Ranambeling
Petronia,777,Ibicaraí
Sephira,778,Kwolla
Diena,779,Visim
Carmine,780,Xiaotang
Madison,781,Chuhuyiv
Leeland,782,Panambi
Lorain,783,Włoszakowice
Leopold,784,Nampula
Gib,785,Frösön
Ronalda,786,Rybí
Sanson,787,Jiangkou
Maggie,788,Mandalt
Tabbitha,789,Quintães
Katy,790,Maguan
Hunt,791,Guangsheng
Kim,792,Lyon
Micheil,793,Novonikol’sk
Harriot,794,Estrela
Sallyanne,795,Raheny
Eldin,796,Żółkiewka
Guillaume,797,Mompach
Angela,798,Ashley
Richie,799,Huntsville
Prudi,800,Orivesi
Teddie,801,Prince Edward
Arne,802,Chengbei
Aleece,803,Dayou
Manfred,804,Lunec
Winnie,805,Moglicë
Frasier,806,Shaft
Lorraine,807,Viñac
Keslie,808,Osasco
Merla,809,Sedandang
Karel,810,Masipi West
Torry,811,Liopétri
Winifred,812,Kishiwada
Shanon,813,Bohicon
Maryanne,814,Kamen
Glenda,815,Kyrenia
Shirlene,816,Lyeskawka
Faun,817,Bulgan
Diane-marie,818,Orlovka
Deirdre,819,Eloy Alfaro
Nessa,820,Pánormos
Ortensia,821,Nong Phai
Keenan,822,Khŭjand
Jud,823,Citangtu Kaler
Aldo,824,Kirovs’k
Magdalene,825,Xiajiashan
Idette,826,Pīrgaaj
Clywd,827,Deep River
Darnell,828,Soledad
Cristobal,829,Rio das Ostras
Tabina,830,Zhulin
Heloise,831,Gornje Moštre
Nonah,832,Chian Yai
Dee dee,833,Santa Bárbara de Padrões
Bram,834,Plasy
Shawna,835,Montpellier
Reyna,836,Sigayevo
Brucie,837,La Condamine
Gualterio,838,Xunqiao
Meara,839,Mawlaik
Tracy,840,Huangtian
Toddy,841,Hat Yai
Dallon,842,Jinghai
Hildy,843,Erdaojiang
Celinka,844,Ceibas
Gabbey,845,Pégeia
Melinde,846,Anfusi
Caye,847,Nong Khai
Rey,848,Stockholm
Amii,849,Schifflange
Jody,850,Erenhot
Eilis,851,Pasirjengkol
Shir,852,Kálymnos
Chase,853,Varjota
Ashlen,854,Bojonghaur
Augustus,855,Kugluktuk
Loren,856,Chã Grande
Nappy,857,Xiaotang
Sylvia,858,Plérin
Nikolaus,859,Breda
Sadella,860,Nanton
Celestyn,861,Boston
Riley,862,Guaporé
Skye,863,Odintsovo
Jonathan,864,Ob’
Sara-ann,865,Selorejo
Kordula,866,Paraná
Marlo,867,Yangji
Janela,868,Bogra
Web,869,Baxiangshan
Delmor,870,Den Chai
Stoddard,871,Smedjebacken
Bax,872,Muruy
Thurston,873,Nangakeo
Deanna,874,Guaitarilla
Kipp,875,Créteil
Roseanna,876,Cabrobó
Kerrie,877,Taixi
Antin,878,Banjar Sembunggede
Sunny,879,Klerksdorp
Hynda,880,Fengcheng
Pavia,881,Kanturk
Eldredge,882,Dualing
Conan,883,Yengimahalla
Elijah,884,Pánormos
Monah,885,Ḩawf
Dorthy,886,Infonavit
Enrichetta,887,Asaka
Antonio,888,Tulay
Reggie,889,Kobelyaky
Wiatt,890,Hernando
Laney,891,Hefu
Quinn,892,New Glasgow
Derry,893,Jinsheng
Ewart,894,Changning
Dalston,895,Redakodi
Adelind,896,Angao
Dasi,897,Lazarevskoye
Shoshana,898,Waiklibang
Desiree,899,Beitou
Shandee,900,Uchaly
Tomlin,901,Nowy Tomyśl
Debby,902,Mūsa Khel Bāzār
Oswell,903,Montesson
Beatrice,904,Puolanka
Darnell,905,Bethlehem
Lucien,906,Iquique
Chastity,907,Taverny
Ravid,908,Vales
Georgina,909,Nielisz
Rosana,910,Requena
Deb,911,Guanzhou
Derward,912,Ust’-Dzheguta
Rebekkah,913,Kesha
Wittie,914,Mizur
Blondie,915,Santo Amador
Berk,916,Nieszawa
Michaella,917,Ruda-Huta
Tera,918,Dolní Rychnov
Benton,919,Krajan Satu
Timmie,920,La Playosa
Corrie,921,Starigrad
Dawn,922,Soledade
Kendall,923,Iecava
Nicholle,924,Praya
Elinor,925,Richmond
Eartha,926,Hwawŏn
Shaine,927,Karanyowka
Remy,928,Costa de Rios Frios
Tammie,929,Dumandesa
Timoteo,930,Kokkinóchoma
Earvin,931,Westonaria
Christopher,932,Changting
Hewe,933,Nouméa
Almire,934,Węgry
Kelwin,935,Tembau
Sanderson,936,Ribeirão Preto
Celine,937,Alegrete
Nicolis,938,Manaulanan
Greg,939,Langgapayung
Michal,940,Wawa
Peyton,941,Dinjo
Keelia,942,Lunec
Aksel,943,Hostomice
Tully,944,Chongqing
Anastasia,945,St. Thomas
Tiffanie,946,Borås
Emera,947,Mamu
Donica,948,Quebrada de Arena
Karola,949,Podujeva
Lelah,950,Sinop
Blinny,951,Kruisfontein
Brianna,952,Kissidougou
Darryl,953,Livorno
Jami,954,Lalukoen Dua
Ward,955,Saint-Bruno
Stephenie,956,Barão de Melgaço
Sholom,957,Laliki
Basia,958,Jesús Menéndez
Callie,959,Krajan Puger Wetan
Dione,960,Larache
Gaspar,961,Skhodnitsa
Heriberto,962,El Retiro
Vanessa,963,Qilong
Brock,964,Bwizibwera
Oliviero,965,Ayabe
Keeley,966,Sukabumi
Jeanelle,967,Milano
Durante,968,Xiangtang
Faith,969,Peza e Madhe
Truda,970,Turija
Dominick,971,Tegalgede
Erik,972,Rzhavki
Jeri,973,Torsås
Janel,974,Dartang
Christophorus,975,Uva
Sheila,976,Butuan
Daphne,977,Ballymahon
Ailene,978,Banqiaodian
Elwyn,979,Penanggal
Avigdor,980,Shaxi
Glory,981,Lons-le-Saunier
Garrek,982,Modimolle
Adore,983,Kobilje
Jethro,984,Ngaliyan
Magdalena,985,Sandviken
Timmie,986,Schenectady
Starlene,987,Jenang Selatan
Sarah,988,Falun
Ida,989,Kalmar
Liuka,990,Huangqiao
Ilsa,991,Mombok
Mendy,992,Kurkino
Wynne,993,Ljungbyholm
Fanchon,994,Cergy-Pontoise
Ailyn,995,Zuénoula
Lucine,996,Trollhättan
Payton,997,Neiafu
Berke,998,Wangong
Paige,999,Zouila
Karine,1000,Tarnawatka
